File,Num_roofs,Has_roofs,R/C,PV,Azimuth,Folder
AZ_0.png,1,1,C,0,0,3
AZ_1.png,4,1,C,0,0,3
AZ_2.png,1,1,C,0,0,3
AZ_3.png,0,0,0,0,0,3
AZ_4.png,0,0,0,0,0,3
AZ_5.png,0,0,0,0,0,3
AZ_6.png,1,1,C,0,0,3
AZ_7.png,2,1,C,0,0,3
AZ_8.png,1,1,C,0,0,3
AZ_9.png,3,1,C,0,0,3
AZ_10.png,5,1,R,0,0,3
AZ_11.png,3,1,R,0,0,3
AZ_12.png,3,1,R,0,0,3
AZ_13.png,2,1,R,0,0,3
AZ_14.png,1,1,C,0,0,3
AZ_15.png,2,1,R,0,0,3
AZ_16.png,2,1,R,0,0,3
AZ_17.png,2,1,R,0,0,3
AZ_18.png,2,1,R,0,0,3
AZ_19.png,2,1,R,0,0,3
AZ_20.png,4,1,R,0,0,3
AZ_21.png,3,1,R,0,0,3
AZ_22.png,3,1,R,0,0,3
AZ_23.png,2,1,R,0,0,3
AZ_24.png,3,1,R,0,0,3
AZ_25.png,0,0,0,0,0,3
AZ_26.png,2,1,R,0,0,3
AZ_27.png,1,1,R,0,0,3
AZ_28.png,3,1,R,0,0,3
AZ_29.png,2,1,R,0,0,3
AZ_30.png,5,1,R,0,0,3
AZ_31.png,2,1,R,0,0,3
AZ_32.png,2,1,R,0,0,3
AZ_33.png,3,1,R,1,0,3
AZ_34.png,3,1,R,0,0,3
AZ_35.png,2,1,R,0,0,3
AZ_36.png,2,1,C,0,0,3
AZ_37.png,2,1,R,0,0,3
AZ_38.png,3,1,R,0,0,3
AZ_39.png,3,1,R,0,S,3
AZ_40.png,3,1,R,0,0,3
AZ_41.png,2,1,R,0,0,3
AZ_42.png,4,1,R,0,0,3
AZ_43.png,2,1,R,0,0,3
AZ_44.png,3,1,R,0,0,3
AZ_45.png,1,1,C,0,0,3
AZ_46.png,1,1,C,0,0,3
AZ_47.png,0,0,0,0,0,3
AZ_48.png,0,0,0,0,0,3
AZ_49.png,0,0,0,0,0,3
AZ_50.png,1,1,C,0,0,3
AZ_51.png,3,1,C,0,0,3
AZ_52.png,2,1,C,0,0,3
AZ_53.png,0,0,0,0,0,3
AZ_54.png,1,1,C,0,0,3
AZ_55.png,0,0,0,0,0,3
AZ_56.png,0,0,0,0,0,3
AZ_57.png,0,0,0,0,0,3
AZ_58.png,1,1,C,0,0,3
AZ_59.png,1,1,C,0,0,3
AZ_60.png,1,1,C,0,0,3
AZ_61.png,0,0,0,0,0,3
AZ_62.png,0,0,0,0,0,3
AZ_63.png,1,1,C,0,0,3
AZ_64.png,2,1,C,0,0,3
AZ_65.png,1,1,C,0,0,3
AZ_66.png,1,1,C,0,0,3
AZ_67.png,0,0,0,0,0,3
AZ_68.png,0,0,0,0,0,3
AZ_69.png,0,0,0,0,0,3
AZ_70.png,1,1,C,0,0,3
AZ_71.png,1,1,C,0,0,3
AZ_72.png,0,0,0,0,0,3
AZ_73.png,0,0,0,0,0,3
AZ_74.png,2,1,C,0,0,3
AZ_75.png,1,1,C,0,0,3
AZ_76.png,1,1,R,0,0,3
AZ_77.png,2,1,R,0,0,3
AZ_78.png,2,1,R,0,0,3
AZ_79.png,5,1,R,0,0,3
AZ_80.png,2,1,R,0,0,3
AZ_81.png,3,1,R,0,0,3
AZ_82.png,2,1,R,0,0,3
AZ_83.png,0,0,0,0,0,3
AZ_84.png,2,1,R,0,0,3
AZ_85.png,2,1,R,0,0,3
AZ_86.png,2,1,R,0,W,3
AZ_87.png,2,1,R,0,W,3
AZ_88.png,2,1,R,0,W,3
AZ_89.png,2,1,R,0,0,3
AZ_90.png,2,1,R,0,W,3
AZ_91.png,3,1,R,0,0,3
AZ_92.png,2,1,C,0,0,3
AZ_93.png,2,1,C,0,0,3
AZ_94.png,1,1,C,0,0,3
AZ_95.png,0,0,0,0,0,3
AZ_96.png,0,0,0,0,0,3
AZ_97.png,0,0,0,0,0,3
AZ_98.png,1,1,C,0,0,3
AZ_99.png,0,0,0,0,0,3
AZ_100.png,0,0,0,0,0,3
AZ_101.png,1,1,C,0,0,3
AZ_102.png,1,1,C,0,0,3
AZ_103.png,2,1,C,0,0,3
AZ_104.png,2,1,C,0,0,3
AZ_105.png,1,1,C,0,0,3
AZ_106.png,3,1,R,0,0,3
AZ_107.png,3,1,R,0,0,3
AZ_108.png,1,1,C,0,0,3
AZ_109.png,8,1,R,0,0,3
AZ_110.png,4,1,R,0,0,3
AZ_111.png,5,1,R,0,0,3
AZ_112.png,5,1,R,0,0,3
AZ_113.png,4,1,R,0,0,3
AZ_114.png,3,1,R,0,0,3
AZ_115.png,2,1,R,0,S,3
AZ_116.png,0,0,0,0,0,3
AZ_117.png,4,1,R,0,0,3
AZ_118.png,3,1,R,0,0,3
AZ_119.png,0,0,0,0,0,3
AZ_120.png,2,1,R,0,0,3
AZ_121.png,2,1,R,0,0,3
AZ_122.png,1,1,R,0,0,3
AZ_123.png,0,0,0,0,0,3
AZ_124.png,3,1,C,0,0,3
AZ_125.png,3,1,C,0,0,3
AZ_126.png,4,1,C,0,0,3
AZ_127.png,1,1,C,0,0,3
AZ_128.png,3,1,R,0,S,3
AZ_129.png,4,1,R,0,S,3
AZ_130.png,0,0,0,0,0,3
AZ_131.png,4,1,R,0,0,3
AZ_132.png,3,1,R,0,0,3
AZ_133.png,2,1,R,0,0,3
AZ_134.png,0,0,0,0,0,3
AZ_135.png,0,0,0,0,0,3
AZ_136.png,0,0,0,0,0,3
AZ_137.png,0,0,0,0,0,3
AZ_138.png,0,0,0,0,0,3
AZ_139.png,0,0,0,0,0,3
AZ_140.png,1,1,C,0,0,3
AZ_141.png,2,1,C,0,0,3
AZ_142.png,0,0,0,0,0,3
AZ_143.png,0,0,0,0,0,3
AZ_144.png,0,0,0,0,0,3
AZ_145.png,1,1,C,0,0,3
AZ_146.png,0,0,0,0,0,3
AZ_147.png,0,0,0,0,0,3
AZ_148.png,1,1,C,0,0,3
AZ_149.png,1,1,C,0,0,3
AZ_150.png,1,1,C,0,0,3
AZ_151.png,2,1,C,0,0,3
AZ_152.png,1,1,R,0,W,3
AZ_153.png,4,1,R,0,0,3
AZ_154.png,3,1,R,0,0,3
AZ_155.png,2,1,C,0,0,3
AZ_156.png,8,1,R,0,0,3
AZ_157.png,4,1,R,1,S,3
AZ_158.png,8,1,R,0,S,3
AZ_159.png,5,1,R,0,0,3
AZ_160.png,8,1,R,0,SW,3
AZ_161.png,4,1,R,0,SW,3
AZ_162.png,4,1,R,0,SW,3
AZ_163.png,0,0,0,0,0,3
AZ_164.png,4,1,R,0,0,3
AZ_165.png,3,1,R,0,0,3
AZ_166.png,0,0,0,0,0,3
AZ_167.png,5,1,R,0,0,3
AZ_168.png,4,1,R,0,0,3
AZ_169.png,3,1,R,0,0,3
AZ_170.png,0,0,0,0,0,3
AZ_171.png,1,1,C,0,0,3
AZ_172.png,2,1,R,0,0,3
AZ_173.png,3,1,R,0,0,3
AZ_174.png,2,1,C,0,0,3
AZ_175.png,1,1,C,0,0,3
AZ_176.png,1,1,C,0,0,3
AZ_177.png,1,1,C,0,0,3
AZ_178.png,4,1,R,0,0,3
AZ_179.png,2,1,R,0,0,3
AZ_180.png,2,1,C,0,0,3
AZ_181.png,0,0,0,0,0,3
AZ_182.png,0,0,0,0,0,3
AZ_183.png,0,0,0,0,0,3
AZ_184.png,0,0,0,0,0,3
AZ_185.png,1,1,C,0,0,3
AZ_186.png,1,1,C,0,0,3
AZ_187.png,1,1,C,0,0,3
AZ_188.png,1,1,C,0,0,3
AZ_189.png,0,0,0,0,0,3
AZ_190.png,0,0,0,0,0,3
AZ_191.png,1,1,C,0,0,3
AZ_192.png,0,0,0,0,0,3
AZ_193.png,0,0,0,0,0,3
AZ_194.png,2,1,C,0,0,3
AZ_195.png,1,1,C,0,0,3
AZ_196.png,2,1,C,0,0,3
AZ_197.png,1,1,C,0,0,3
AZ_198.png,1,1,R,0,0,3
AZ_199.png,4,1,R,0,0,3
AZ_200.png,5,1,R,0,0,3
AZ_201.png,5,1,R,0,0,3
AZ_202.png,1,1,C,0,0,3
AZ_203.png,10,1,R,0,0,3
AZ_204.png,4,1,R,0,0,3
AZ_205.png,9,1,R,0,0,3
AZ_206.png,4,1,R,0,0,3
AZ_207.png,9,1,R,0,0,3
AZ_208.png,3,1,R,0,0,3
AZ_209.png,4,1,R,0,0,3
AZ_210.png,1,1,C,0,0,3
AZ_211.png,4,1,R,0,0,3
AZ_212.png,5,1,R,0,0,3
AZ_213.png,0,0,0,0,0,3
AZ_214.png,6,1,R,0,0,3
AZ_215.png,3,1,R,0,0,3
AZ_216.png,0,0,0,0,0,3
AZ_217.png,0,0,0,0,0,3
AZ_218.png,1,1,C,0,0,3
AZ_219.png,2,1,R,0,0,3
AZ_220.png,3,1,C,0,0,3
AZ_221.png,2,1,R,0,0,3
AZ_222.png,1,1,C,0,0,3
AZ_223.png,2,1,C,0,0,3
AZ_224.png,1,1,C,0,0,3
AZ_225.png,1,1,C,0,0,3
AZ_226.png,1,1,C,0,0,3
AZ_227.png,1,1,C,0,0,3
AZ_228.png,0,0,0,0,0,3
AZ_229.png,1,1,C,0,0,3
AZ_230.png,0,0,0,0,0,3
AZ_231.png,0,0,0,0,0,3
AZ_232.png,0,0,0,0,0,3
AZ_233.png,1,1,C,0,0,3
AZ_234.png,1,1,C,0,0,3
AZ_235.png,0,0,0,0,0,3
AZ_236.png,0,0,0,0,0,3
AZ_237.png,0,0,0,0,0,3
AZ_238.png,0,0,0,0,0,3
AZ_239.png,1,1,C,0,0,3
AZ_240.png,0,0,0,0,0,3
AZ_241.png,0,0,0,0,0,3
AZ_242.png,1,1,C,0,0,3
AZ_243.png,1,1,C,0,0,3
AZ_244.png,0,0,0,0,0,3
AZ_245.png,0,0,0,0,0,3
AZ_246.png,0,0,0,0,0,3
AZ_247.png,0,0,0,0,0,3
AZ_248.png,0,0,0,0,0,3
AZ_249.png,0,0,0,0,0,3
AZ_250.png,2,1,C,0,0,3
AZ_251.png,1,1,C,0,0,3
AZ_252.png,1,1,C,0,0,3
AZ_253.png,1,1,C,0,0,3
AZ_254.png,2,1,C,0,0,3
AZ_255.png,1,1,C,0,0,3
AZ_256.png,1,1,C,0,0,3
AZ_257.png,0,0,0,0,0,3
AZ_258.png,1,1,R,0,0,3
AZ_259.png,2,1,R,0,0,3
AZ_260.png,0,0,0,0,0,3
AZ_261.png,2,1,C,0,0,3
AZ_262.png,1,1,C,0,0,3
AZ_263.png,0,0,0,0,0,3
AZ_264.png,0,0,0,0,0,3
AZ_265.png,0,0,0,0,0,3
AZ_266.png,2,1,R,0,0,3
AZ_267.png,1,1,C,0,0,3
AZ_268.png,1,1,C,0,0,3
AZ_269.png,0,0,0,0,0,3
AZ_270.png,0,0,0,0,0,3
AZ_271.png,1,1,C,0,0,3
AZ_272.png,1,1,C,0,0,3
AZ_273.png,0,0,0,0,0,3
AZ_274.png,0,0,0,0,0,3
AZ_275.png,0,0,0,0,0,3
AZ_276.png,1,1,C,0,0,3
AZ_277.png,0,0,0,0,0,3
AZ_278.png,0,0,0,0,0,3
AZ_279.png,0,0,0,0,0,3
AZ_280.png,0,0,0,0,0,3
AZ_281.png,0,0,0,0,0,3
AZ_282.png,1,1,C,0,0,3
AZ_283.png,0,0,0,0,0,3
AZ_284.png,0,0,0,0,0,3
AZ_285.png,0,0,0,0,0,3
AZ_286.png,0,0,0,0,0,3
AZ_287.png,0,0,0,0,0,3
AZ_288.png,0,0,0,0,0,3
AZ_289.png,0,0,0,0,0,3
AZ_290.png,0,0,0,0,0,3
AZ_291.png,1,1,C,0,0,3
AZ_292.png,1,1,R,0,0,3
AZ_293.png,2,1,R,1,0,3
AZ_294.png,2,1,R,0,0,3
AZ_295.png,2,1,R,0,0,3
AZ_296.png,0,0,0,0,0,3
AZ_297.png,1,1,R,1,0,3
AZ_298.png,2,1,R,0,0,3
AZ_299.png,1,1,R,0,0,3
AZ_300.png,3,1,R,0,0,3
AZ_301.png,1,1,C,0,0,3
AZ_302.png,1,1,C,0,0,3
AZ_303.png,1,1,C,0,0,3
AZ_304.png,1,1,C,0,0,3
AZ_305.png,1,1,C,0,0,3
AZ_306.png,1,1,C,0,0,3
AZ_307.png,0,0,0,0,0,3
AZ_308.png,2,1,C,0,0,3
AZ_309.png,1,1,C,0,0,3
AZ_310.png,1,1,C,0,0,3
AZ_311.png,1,1,C,0,0,3
AZ_312.png,1,1,C,0,0,3
AZ_313.png,0,0,0,0,0,3
AZ_314.png,0,0,0,0,0,3
AZ_315.png,0,0,0,0,0,3
AZ_316.png,0,0,0,0,0,3
AZ_317.png,0,0,0,0,0,3
AZ_318.png,0,0,0,0,0,3
AZ_319.png,0,0,0,0,0,3
AZ_320.png,0,1,C,0,0,3
AZ_321.png,1,1,C,0,0,3
AZ_322.png,0,0,0,0,0,3
AZ_323.png,0,0,0,0,0,3
AZ_324.png,0,0,0,0,0,3
AZ_325.png,0,0,0,0,0,3
AZ_326.png,0,0,0,0,0,3
AZ_327.png,0,0,0,0,0,3
AZ_328.png,0,0,0,0,0,3
AZ_329.png,1,1,C,0,0,3
AZ_330.png,1,1,C,0,0,3
AZ_331.png,0,0,0,0,0,3
AZ_332.png,1,1,C,0,0,3
AZ_333.png,1,1,C,0,0,3
AZ_334.png,0,0,0,0,0,3
AZ_335.png,1,1,C,0,0,3
AZ_336.png,1,1,C,0,0,3
AZ_337.png,0,0,0,0,0,3
AZ_338.png,2,1,C,0,0,3
AZ_339.png,2,1,R,0,0,3
AZ_340.png,3,1,R,0,0,3
AZ_341.png,4,1,R,0,0,3
AZ_342.png,3,1,R,0,0,3
AZ_343.png,0,0,0,0,0,3
AZ_344.png,3,1,R,0,0,3
AZ_345.png,3,1,R,0,0,3
AZ_346.png,5,1,R,0,0,3
AZ_347.png,4,1,R,0,0,3
AZ_348.png,3,1,C,0,0,3
AZ_349.png,2,1,C,0,0,3
AZ_350.png,2,1,C,0,0,3
AZ_351.png,2,1,C,0,0,3
AZ_352.png,2,1,C,0,0,3
AZ_353.png,2,1,C,0,0,3
AZ_354.png,0,0,0,0,0,3
AZ_355.png,1,1,C,0,0,3
AZ_356.png,2,1,C,0,0,3
AZ_357.png,2,1,C,0,0,3
AZ_358.png,2,1,C,0,0,3
AZ_359.png,2,1,C,0,0,3
AZ_360.png,1,1,C,0,0,3
AZ_361.png,1,1,C,0,0,3
AZ_362.png,2,1,C,0,0,3
AZ_363.png,1,1,C,0,0,3
AZ_364.png,1,1,C,0,0,3
AZ_365.png,1,1,C,0,0,3
AZ_366.png,2,1,C,0,0,3
AZ_367.png,4,1,C,0,0,3
AZ_368.png,4,1,C,0,0,3
AZ_369.png,2,1,C,0,0,3
AZ_370.png,1,1,C,0,0,3
AZ_371.png,0,0,0,0,0,3
AZ_372.png,1,1,C,0,0,3
AZ_373.png,0,0,0,0,0,3
AZ_374.png,0,0,0,0,0,3
AZ_375.png,0,0,0,0,0,3
AZ_376.png,0,0,0,0,0,3
AZ_377.png,0,0,0,0,0,3
AZ_378.png,0,0,0,0,0,3
AZ_379.png,0,0,0,0,0,3
AZ_380.png,0,0,0,0,0,3
AZ_381.png,0,0,0,0,0,3
AZ_382.png,1,1,C,0,0,3
AZ_383.png,1,1,C,0,0,3
AZ_384.png,0,0,0,0,0,3
AZ_385.png,1,1,C,0,0,3
AZ_386.png,2,1,R,0,0,3
AZ_387.png,2,1,R,0,0,3
AZ_388.png,2,1,R,0,0,3
AZ_389.png,2,1,R,0,0,3
AZ_390.png,0,0,0,0,0,3
AZ_391.png,2,1,R,1,0,3
AZ_392.png,2,1,R,0,0,3
AZ_393.png,2,1,R,0,0,3
AZ_394.png,3,1,R,0,0,3
AZ_395.png,1,1,C,0,0,3
AZ_396.png,1,1,C,0,0,3
AZ_397.png,0,0,0,0,0,3
AZ_398.png,1,1,C,0,0,3
AZ_399.png,1,1,C,0,0,3
AZ_400.png,1,1,C,0,0,3
AZ_401.png,0,0,0,0,0,3
AZ_402.png,1,1,C,0,0,3
AZ_403.png,1,1,C,0,0,3
AZ_404.png,1,1,C,0,0,3
AZ_405.png,2,1,C,0,0,3
AZ_406.png,2,1,C,0,0,3
AZ_407.png,0,0,0,0,0,3
AZ_408.png,1,1,C,0,0,3
AZ_409.png,2,1,C,0,0,3
AZ_410.png,1,1,C,0,0,3
AZ_411.png,1,1,C,0,0,3
AZ_412.png,0,0,0,0,0,3
AZ_413.png,1,1,C,0,0,3
AZ_414.png,2,1,C,0,0,3
AZ_415.png,3,1,C,0,0,3
AZ_416.png,1,1,C,0,0,3
AZ_417.png,0,0,0,0,0,3
AZ_418.png,1,1,C,0,0,3
AZ_419.png,1,1,C,0,0,3
AZ_420.png,2,1,C,0,0,3
AZ_421.png,1,1,C,0,0,3
AZ_422.png,0,0,0,0,0,3
AZ_423.png,0,0,0,0,0,3
AZ_424.png,0,0,0,0,0,3
AZ_425.png,0,0,0,0,0,3
AZ_426.png,0,0,0,0,0,3
AZ_427.png,1,1,C,0,0,3
AZ_428.png,1,1,C,0,0,3
AZ_429.png,0,0,0,0,0,3
AZ_430.png,1,1,C,0,0,3
AZ_431.png,0,0,0,0,0,3
AZ_432.png,0,0,0,0,0,3
AZ_433.png,0,0,0,0,0,3
AZ_434.png,1,1,C,1,0,3
AZ_435.png,1,1,C,1,0,3
AZ_436.png,1,1,C,1,0,3
AZ_437.png,0,0,0,0,0,3
AZ_438.png,0,0,0,0,0,3
AZ_439.png,1,1,C,0,0,3
AZ_440.png,2,1,C,0,0,3
AZ_441.png,0,0,0,0,0,3
AZ_442.png,0,0,0,0,0,3
AZ_443.png,0,0,0,0,0,3
AZ_444.png,0,0,0,0,0,3
AZ_445.png,0,0,0,0,0,3
AZ_446.png,0,0,0,0,0,3
AZ_447.png,0,0,0,0,0,3
AZ_448.png,0,0,0,0,0,3
AZ_449.png,0,0,0,0,0,3
AZ_450.png,3,1,C,0,0,3
AZ_451.png,0,0,0,0,0,3
AZ_452.png,2,1,R,0,0,3
AZ_453.png,5,1,R,0,0,3
AZ_454.png,2,1,R,0,0,3
AZ_455.png,3,1,R,0,0,3
AZ_456.png,2,1,R,0,0,3
AZ_457.png,4,1,R,1,0,3
AZ_458.png,3,1,R,0,0,3
AZ_459.png,0,0,0,0,0,3
AZ_460.png,4,1,R,0,0,3
AZ_461.png,2,1,R,0,0,3
AZ_462.png,3,1,R,0,0,3
AZ_463.png,3,1,R,0,0,3
AZ_464.png,2,1,R,0,0,3
AZ_465.png,2,1,R,0,0,3
AZ_466.png,3,1,R,0,0,3
AZ_467.png,2,1,R,0,0,3
AZ_468.png,1,1,C,0,0,3
AZ_469.png,1,1,C,0,0,3
AZ_470.png,4,1,C,0,0,3
AZ_471.png,0,0,0,0,0,3
AZ_472.png,1,1,C,0,0,3
AZ_473.png,2,1,C,0,0,3
AZ_474.png,1,1,C,0,0,3
AZ_475.png,0,0,0,0,0,3
AZ_476.png,0,0,0,0,0,3
AZ_477.png,0,0,0,0,0,3
AZ_478.png,0,0,0,0,0,3
AZ_479.png,0,0,0,0,0,3
AZ_480.png,0,0,0,0,0,3
AZ_481.png,1,1,C,1,0,3
AZ_482.png,1,1,C,1,0,3
AZ_483.png,1,1,C,1,0,3
AZ_484.png,0,0,0,0,0,3
AZ_485.png,0,0,0,0,0,3
AZ_486.png,1,1,C,0,0,3
AZ_487.png,1,1,C,0,0,3
AZ_488.png,0,0,0,0,0,3
AZ_489.png,0,0,0,0,0,3
AZ_490.png,1,1,C,0,0,3
AZ_491.png,1,1,C,0,0,3
AZ_492.png,1,1,C,0,0,3
AZ_493.png,0,0,0,0,0,3
AZ_494.png,0,0,0,0,0,3
AZ_495.png,0,0,0,0,0,3
AZ_496.png,0,0,0,0,0,3
AZ_497.png,0,0,0,0,0,3
AZ_498.png,0,0,0,0,0,3
AZ_499.png,1,1,R,0,0,3
AZ_500.png,3,1,R,0,0,3
AZ_501.png,2,1,R,0,0,3
AZ_528.png,1,1,C,1,0,3
AZ_529.png,1,1,C,1,0,3
AZ_604.png,2,1,R,1,SW,3
AZ_665.png,2,1,C,1,0,3
AZ_666.png,1,1,C,1,0,3
AZ_1611.png,5,1,R,1,0,3
AZ_1621.png,3,1,R,1,0,3
AZ_1724.png,2,1,R,1,0,3
AZ_1865.png,6,1,R,1,0,3
AZ_1889.png,4,1,R,1,S,3
AZ_1936.png,4,1,R,1,S,3
AZ_16_16.png,4,1,R ,1,S,16
AZ_16_62.png,2,1,R ,1,E,16
AZ_16_120.png,6,1,R,1,0,16
AZ_16_184.png,4,1,R,1,S,16
AZ_16_444.png,2,1,C,1,0,16
AZ_16_445.png,3,1,C,1,0,16
AZ_16_1016.png,2,1,R,1,0,16
AZ_16_1050.png,2,1,R,1,E,16
AZ_16_1103.png,2,1,R,1,0,16
AZ_16_1159.png,3,1,R,1,0,16
AZ_16_1160.png,2,1,R,1,0,16
AZ_16_1288.png,1,1,R,1,0,16
AZ_16_1287.png,3,1,R,1,0,16
AZ_16_1291.png,2,1,R,1,0,16
AZ_16_1306.png,3,1,R,1,0,16
AZ_16_1357.png,3,1,R,1,0,16
AZ_16_1444.png,2,1,R,1,0,16
AZ_16_1443.png,3,1,R,1,0,16
AZ_16_1569.png,2,1,R,1,0,16
AZ_16_1585.png,3,1,R,1,0,16
AZ_16_1658.png,2,1,R,1,0,16
AZ_16_1669.png,1,1,R,1,0,16
AZ_16_1704.png,3,1,R,1,0,16
AZ_16_1707.png,2,1,R,1,S,16
AZ_16_1771.png,1,1,R,1,0,16
AZ_16_1815.png,2,1,R,1,0,16
AZ_16_1825.png,2,1,R,1,0,16
AZ_16_1862.png,2,1,R,1,0,16
AZ_16_1871.png,2,1,R,1,0,16
AZ_16_1924.png,4,1,R,1,S,16
AZ_16_1948.png,3,1,R,1,0,16
AZ_16_2184.png,1,1,R,1,0,16
AZ_16_2199.png,2,1,C,1,0,16
AZ_8_98.png,6,1,R ,1,0,8
AZ_8_184.png,8,1,R,1,S,8
AZ_8_250.png,8,1,R,1,0,8
AZ_8_311.png,6,1,R,1,0,8
AZ_8_322.png,2,1,R,1,0,8
AZ_8_329.png,7,1,R,1,0,8
MI_E_001.png,2,1,C,0,0,E
MI_E_002.png,4,1,C,0,0,E
MI_E_003.png,7,1,R/C,0,N/S,E
MI_E_004.png,5,1,R ,0,N/S,E
MI_E_005.png,4,1,C,0,E/W,E
MI_E_006.png,4,1,R,0,E/W,E
MI_E_007.png,11,1,R,0,0,E
MI_E_008.png,14,1,R,0,0,E
MI_E_009.png,10,1,R,0,0,E
MI_E_010.png,12,1,R,0,0,E
MI_E_011.png,6,1,R,0,N/S,E
MI_E_012.png,11,1,R,0,0,E
MI_E_013.png,7,1,R,0,0,E
MI_E_014.png,6,1,R,0,0,E
MI_E_015.png,7,1,R,0,0,E
MI_E_016.png,6,1,R,0,N/S,E
MI_E_017.png,5,1,R,0,N/S,E
MI_E_018.png,4,1,C,0,0,E
MI_E_019.png,1,1,C,0,N/S,E
MI_E_020.png,0,0,0,0,0,E
MI_E_021.png,10,1,C,0,0,E
MI_E_022.png,4,1,C,0,0,E
MI_E_023.png,3,1,C,0,0,E
MI_E_024.png,3,1,C,0,0,E
MI_E_025.png,7,1,R,0,0,E
MI_E_026.png,7,1,C,0,0,E
MI_E_027.png,4,1,C,0,0,E
MI_E_028.png,5,1,C,0,0,E
MI_E_029.png,11,1,R,0,0,E
MI_E_030.png,3,1,C,0,0,E
MI_E_031.png,3,1,C,0,0,E
MI_E_032.png,10,1,R,0,0,E
MI_E_033.png,7,1,C,0,0,E
MI_E_034.png,4,1,C,0,0,E
MI_E_035.png,11,1,R,0,0,E
MI_E_036.png,6,1,C,0,0,E
MI_E_037.png,5,1,C,0,0,E
MI_E_038.png,1,2,C,0,0,E
MI_E_039.png,1,1,C,0,0,E
MI_E_040.png,1,1,C,0,0,E
MI_E_041.png,18,1,C,0,0,E
MI_E_042.png,8,1,C,0,0,E
MI_E_043.png,10,1,C,0,0,E
MI_E_044.png,0,0,0,0,0,E
MI_E_045.png,2,1,C,0,0,E
MI_E_046.png,2,1,C,0,0,E
MI_E_047.png,2,1,C,0,0,E
MI_E_048.png,3,1,C,0,0,E
MI_E_049.png,3,1,C,0,0,E
MI_E_050.png,2,1,C,0,0,E
MI_E_051.png,4,1,C,0,0,E
MI_E_052.png,11,1,R,0,0,E
MI_E_053.png,10,1,R,0,0,E
MI_E_054.png,7,1,R,0,0,E
MI_E_055.png,7,1,R,0,0,E
MI_E_056.png,4,1,R,0,0,E
MI_E_057.png,0,0,0,0,0,E
MI_E_058.png,0,0,0,0,0,E
MI_E_059.png,2,1,C,0,0,E
MI_E_060.png,0,0,0,0,0,E
MI_E_061.png,7,1,C,0,0,E
MI_E_062.png,6,1,C,1,0,E
MI_E_063.png,1,1,C,0,0,E
MI_E_064.png,3,1,R,0,0,E
MI_E_065.png,7,1,R,0,0,E
MI_E_066.png,7,1,R,0,0,E
MI_E_067.png,9,1,R,0,0,E
MI_E_068.png,11,1,R,0,0,E
MI_E_069.png,6,1,C,0,0,E
MI_E_070.png,4,1,C,0,0,E
MI_E_071.png,4,1,C,0,0,E
MI_E_072.png,5,1,C,0,0,E
MI_E_073.png,7,1,R,0,0,E
MI_E_074.png,3,1,C,0,0,E
MI_E_075.png,4,1,C,0,0,E
MI_E_076.png,3,1,C,0,0,E
MI_E_077.png,2,1,C,0,0,E
MI_E_078.png,1,1,C,0,0,E
MI_E_079.png,1,1,C,0,0,E
MI_E_080.png,0,0,0,0,0,E
MI_E_081.png,10,1,C,0,0,E
MI_E_082.png,6,1,C,1,0,E
MI_E_083.png,2,1,C,0,0,E
MI_E_084.png,3,1,C,0,0,E
MI_E_085.png,2,1,C,0,0,E
MI_E_086.png,7,1,R,0,0,E
MI_E_087.png,8,1,R,0,0,E
MI_E_088.png,7,1,R,0,0,E
MI_E_089.png,6,1,R,0,0,E
MI_E_090.png,1,1,C,0,0,E
MI_E_091.png,3,1,C,0,0,E
MI_E_092.png,3,1,C,0,0,E
MI_E_093.png,2,1,C,0,0,E
MI_E_094.png,1,1,C,0,0,E
MI_E_095.png,1,1,C,0,0,E
MI_E_096.png,5,1,C,0,0,E
MI_E_097.png,5,1,C,0,0,E
MI_E_098.png,5,1,C,0,0,E
MI_E_099.png,0,0,0,0,0,E
MI_E_100.png,0,0,0,0,0,E
MI_E_101.png,3,1,0,0,0,E
MI_E_102.png,8,1,R,0,0,E
MI_E_103.png,2,1,C,0,0,E
MI_E_104.png,7,1,R,0,0,E
MI_E_105.png,10,1,R,0,0,E
MI_E_106.png,9,1,R,0,0,E
MI_E_107.png,13,1,R,0,0,E
MI_E_108.png,6,1,C,0,0,E
MI_E_109.png,5,1,C,0,0,E
MI_E_110.png,8,1,R,0,0,E
MI_E_111.png,7,1,C,0,0,E
MI_E_112.png,2,1,C,0,0,E
MI_E_113.png,0,0,0,0,0,E
MI_E_114.png,0,0,0,0,0,E
MI_E_115.png,0,0,0,0,0,E
MI_E_116.png,0,0,0,0,0,E
MI_E_117.png,3,1,C,0,0,E
MI_E_118.png,4,1,C,0,0,E
MI_E_119.png,2,1,C,0,0,E
MI_E_120.png,1,1,C,0,0,E
MI_E_121.png,6,1,C,0,0,E
MI_E_122.png,4,1,C,0,0,E
MI_E_123.png,3,1,R,0,0,E
MI_E_124.png,5,1,C,0,0,E
MI_E_125.png,14,1,R,0,N/S,E
MI_E_126.png,10,1,R,0,0,E
MI_E_127.png,10,1,R,0,0,E
MI_E_128.png,6,1,R,0,0,E
MI_E_129.png,3,1,C,0,0,E
MI_E_130.png,16,1,R,0,0,E
MI_E_131.png,12,1,R,0,0,E
MI_E_132.png,6,1,R,0,0,E
MI_E_133.png,1,1,C,0,0,E
MI_E_134.png,0,0,0,0,0,E
MI_E_135.png,0,0,0,0,0,E
MI_E_136.png,1,1,C,0,0,E
MI_E_137.png,2,1,C,0,0,E
MI_E_138.png,1,1,C,0,0,E
MI_E_139.png,2,1,C,0,0,E
MI_E_140.png,1,1,C,0,0,E
MI_E_141.png,4,1,C,0,0,E
MI_E_142.png,7,1,C,0,0,E
MI_E_143.png,12,1,R,0,N/S,E
MI_E_144.png,7,1,R,0,0,E
MI_E_145.png,8,1,C,0,0,E
MI_E_146.png,3,1,C,0,0,E
MI_E_147.png,5,1,R,0,0,E
MI_E_148.png,4,1,R,0,0,E
MI_E_149.png,5,1,C,0,0,E
MI_E_150.png,6,1,R,0,0,E
MI_E_151.png,12,1,R,0,N/S,E
MI_E_152.png,14,1,R,0,0,E
MI_E_153.png,6,1,C,0,0,E
MI_E_154.png,12,1,R,0,0,E
MI_E_155.png,12,1,C,0,0,E
MI_E_156.png,1,1,C,0,0,E
MI_E_157.png,0,0,0,0,0,E
MI_E_158.png,1,1,C,0,0,E
MI_E_159.png,1,1,C,0,0,E
MI_E_160.png,0,0,0,0,0,E
MI_E_161.png,1,1,0,0,0,E
MI_E_162.png,4,1,0,0,0,E
MI_E_163.png,1,1,C,0,0,E
MI_E_164.png,7,1,C,0,0,E
MI_E_165.png,0,0,0,0,0,E
MI_E_166.png,3,1,0,0,0,E
MI_E_167.png,1,1,0,0,0,E
MI_E_168.png,2,1,0,0,0,E
MI_E_169.png,2,1,0,0,0,E
MI_E_170.png,2,1,0,0,0,E
MI_E_171.png,5,1,0,0,0,E
MI_E_172.png,7,1,C,0,0,E
MI_E_173.png,11,1,R,0,0,E
MI_E_174.png,12,1,R,0,0,E
MI_E_175.png,11,1,C,0,0,E
MI_E_176.png,1,1,C,0,0,E
MI_E_177.png,0,0,0,0,0,E
MI_E_178.png,0,0,0,0,0,E
MI_E_179.png,0,0,0,0,0,E
MI_E_180.png,0,0,0,0,0,E
MI_E_181.png,7,1,C,0,0,E
MI_E_182.png,7,1,C,0,0,E
MI_E_183.png,1,0,C,0,0,E
MI_E_184.png,5,1,C,0,0,E
MI_E_185.png,3,1,C,0,0,E
MI_E_186.png,5,1,C,0,0,E
MI_E_187.png,3,1,C,0,0,E
MI_E_188.png,5,1,C,0,0,E
MI_E_189.png,3,1,C,0,0,E
MI_E_190.png,1,1,C,0,0,E
MI_E_191.png,8,1,R,0,0,E
MI_E_192.png,6,1,R,0,0,E
MI_E_193.png,9,1,R,0,0,E
MI_E_194.png,8,1,R,0,0,E
MI_E_195.png,11,1,R,0,0,E
MI_E_196.png,1,1,C,0,0,E
MI_E_197.png,0,0,0,0,0,E
MI_E_198.png,0,0,0,0,0,E
MI_E_199.png,1,0,C,0,0,E
MI_E_200.png,0,0,0,0,0,E
MI_E_201.png,5,1,C,0,0,E
MI_E_202.png,10,1,C,0,0,E
MI_E_203.png,8,1,C,0,0,E
MI_E_204.png,3,1,C,0,0,E
MI_E_205.png,2,1,R,0,0,E
MI_E_206.png,2,1,C,0,0,E
MI_E_207.png,2,1,C,0,0,E
MI_E_208.png,2,1,C,0,0,E
MI_E_209.png,2,1,C,0,0,E
MI_E_210.png,4,1,C,0,0,E
MI_E_211.png,3,1,R,0,0,E
MI_E_212.png,7,1,R,0,0,E
MI_E_213.png,5,1,C,0,0,E
MI_E_214.png,7,1,C,0,0,E
MI_E_215.png,14,1,R,0,0,E
MI_E_216.png,1,1,C,0,0,E
MI_E_217.png,2,1,C,0,0,E
MI_E_218.png,1,1,C,0,0,E
MI_E_219.png,1,1,C,0,0,E
MI_E_220.png,0,0,0,0,0,E
MI_E_221.png,4,1,C,0,0,E
MI_E_222.png,8,1,C,0,0,E
MI_E_223.png,2,1,C,0,0,E
MI_E_224.png,0,0,0,0,0,E
MI_E_225.png,1,1,C,0,0,E
MI_E_226.png,1,1,C,0,0,E
MI_E_227.png,2,1,C,1,0,E
MI_E_228.png,5,1,C,0,0,E
MI_E_229.png,3,1,C,0,0,E
MI_E_230.png,1,1,C,0,0,E
MI_E_231.png,0,0,0,0,0,E
MI_E_232.png,3,1,C,0,0,E
MI_E_233.png,11,1,R,0,0,E
MI_E_234.png,5,1,R,0,0,E
MI_E_235.png,10,1,R,0,0,E
MI_E_236.png,7,1,R,0,0,E
MI_E_237.png,8,1,R,0,0,E
MI_E_238.png,7,1,R,0,0,E
MI_E_239.png,9,1,R,0,0,E
MI_E_240.png,4,1,R,0,0,E
MI_E_241.png,1,1,C,0,0,E
MI_E_242.png,1,1,C,0,0,E
MI_E_243.png,1,1,C,0,0,E
MI_E_244.png,1,1,C,0,0,E
MI_E_245.png,1,1,C,0,0,E
MI_E_246.png,1,1,C,0,0,E
MI_E_247.png,2,1,C,1,0,E
MI_E_248.png,6,1,C,0,0,E
MI_E_249.png,0,0,0,0,0,E
MI_E_250.png,2,1,C,0,0,E
MI_E_251.png,10,1,R,0,0,E
MI_E_252.png,6,1,R,0,0,E
MI_E_253.png,5,1,R,0,0,E
MI_E_254.png,7,1,R,0,0,E
MI_E_255.png,6,1,R,0,0,E
MI_E_256.png,4,1,R,0,0,E
MI_E_257.png,12,1,R,0,0,E
MI_E_258.png,9,1,C,0,0,E
MI_E_259.png,9,1,R,0,0,E
MI_E_260.png,6,1,R,0,0,E
MI_E_261.png,2,1,R,0,0,E
MI_E_262.png,1,1,C,0,0,E
MI_E_263.png,1,1,C,0,0,E
MI_E_264.png,2,1,C,0,0,E
MI_E_265.png,0,0,0,0,0,E
MI_E_266.png,1,1,C,0,0,E
MI_E_267.png,2,1,C,0,0,E
MI_E_268.png,3,1,C,0,0,E
MI_E_269.png,2,1,C,0,0,E
MI_E_270.png,3,1,C,0,0,E
MI_E_271.png,5,1,C,0,0,E
MI_E_272.png,2,1,C,0,0,E
MI_E_273.png,8,1,R,0,0,E
MI_E_274.png,5,1,R,0,0,E
MI_E_275.png,8,1,R,0,0,E
MI_E_276.png,14,1,R,0,0,E
MI_E_277.png,8,1,R,0,0,E
MI_E_278.png,6,1,R,0,0,E
MI_E_279.png,8,1,C,0,0,E
MI_E_280.png,9,1,R,0,0,E
MI_E_281.png,3,1,C,0,0,E
MI_E_282.png,2,1,C,0,0,E
MI_E_283.png,1,1,C,0,0,E
MI_E_284.png,1,1,C,0,0,E
MI_E_285.png,1,1,C,0,0,E
MI_E_286.png,1,1,C,0,0,E
MI_E_287.png,1,1,C,0,0,E
MI_E_288.png,2,1,C,0,0,E
MI_E_289.png,1,1,C,0,0,E
MI_E_290.png,2,1,C,0,0,E
MI_E_291.png,2,1,C,0,0,E
MI_E_292.png,1,1,C,0,0,E
MI_E_293.png,2,1,C,0,0,E
MI_E_294.png,4,1,C,0,0,E
MI_E_295.png,4,1,R,0,0,E
MI_E_296.png,14,1,R,0,0,E
MI_E_297.png,7,1,R,0,0,E
MI_E_298.png,9,1,R,0,0,E
MI_E_299.png,10,1,R,0,0,E
MI_E_300.png,9,1,R,0,0,E
MI_E_301.png,2,1,C,0,0,E
MI_E_302.png,1,1,C,0,0,E
MI_E_303.png,2,1,C,0,0,E
MI_E_304.png,1,1,C,0,0,E
MI_E_305.png,2,1,C,1,0,E
MI_E_306.png,2,1,C,0,0,E
MI_E_307.png,1,1,C,0,0,E
MI_E_308.png,2,1,C,0,0,E
MI_E_309.png,2,1,C,0,0,E
MI_E_310.png,1,1,C,0,0,E
MI_E_311.png,1,1,C,0,0,E
MI_E_312.png,1,1,C,0,0,E
MI_E_313.png,7,1,R,0,0,E
MI_E_314.png,7,1,R,0,0,E
MI_E_315.png,3,1,R,0,0,E
MI_E_316.png,18,1,R,0,0,E
MI_E_317.png,7,1,C,0,0,E
MI_E_318.png,12,1,R,0,0,E
MI_E_319.png,5,1,R,0,0,E
MI_E_320.png,1,1,R,0,0,E
MI_E_321.png,1,1,C,0,0,E
MI_E_322.png,3,1,C,0,0,E
MI_E_323.png,1,1,C,0,0,E
MI_E_324.png,1,1,C,0,0,E
MI_E_325.png,1,1,C,0,0,E
MI_E_326.png,1,1,C,0,0,E
MI_E_327.png,1,1,C,0,0,E
MI_E_328.png,8,1,C,0,0,E
MI_E_329.png,4,1,C,0,0,E
MI_E_330.png,5,1,C,0,0,E
MI_E_331.png,1,1,C,0,0,E
MI_E_332.png,1,1,C,0,0,E
MI_E_333.png,5,1,R,0,0,E
MI_E_334.png,6,1,R,0,N/S,E
MI_E_335.png,4,1,R,0,0,E
MI_E_336.png,4,1,R,0,0,E
MI_E_337.png,6,1,R,0,0,E
MI_E_338.png,10,1,R,0,0,E
MI_E_339.png,6,1,R,0,0,E
MI_E_340.png,7,1,R,0,0,E
MI_E_341.png,2,1,C,0,0,E
MI_E_342.png,3,1,C,0,0,E
MI_E_343.png,2,1,C,0,0,E
MI_E_344.png,1,1,C,0,0,E
MI_E_345.png,9,1,R,0,0,E
MI_E_346.png,3,1,R,0,0,E
MI_E_347.png,0,0,0,0,0,E
MI_E_348.png,7,1,C,0,0,E
MI_E_349.png,6,1,C,0,0,E
MI_E_350.png,8,1,R,0,0,E
MI_E_351.png,6,1,C,0,0,E
MI_E_352.png,3,1,C,0,0,E
MI_E_353.png,7,1,R,0,0,E
MI_E_354.png,8,1,R,0,0,E
MI_E_355.png,6,1,R,0,0,E
MI_E_356.png,7,1,R,0,0,E
MI_E_357.png,12,1,R,0,N/S,E
MI_E_358.png,8,1,R,0,N/S,E
MI_E_359.png,6,1,R,0,NW/SE,E
MI_E_360.png,5,1,R,0,0,E
MI_E_361.png,1,1,C,0,0,E
MI_E_362.png,0,0,0,0,0,E
MI_E_363.png,1,1,C,0,0,E
MI_E_364.png,1,1,C,0,0,E
MI_E_365.png,4,1,R,0,N/S,E
MI_E_366.png,4,1,C,0,0,E
MI_E_367.png,2,1,C,0,0,E
MI_E_368.png,4,1,C,1,0,E
MI_E_369.png,1,1,C,1,0,E
MI_E_370.png,2,1,C,0,0,E
MI_E_371.png,3,1,C,0,0,E
MI_E_372.png,3,1,R,0,0,E
MI_E_373.png,3,1,R,0,0,E
MI_E_374.png,3,1,C,0,0,E
MI_E_375.png,6,1,R,0,0,E
MI_E_376.png,10,1,R,0,0,E
MI_E_377.png,7,1,R,0,N/S,E
MI_E_378.png,8,1,R,0,0,E
MI_E_379.png,8,1,R,0,0,E
MI_E_380.png,4,1,R,0,0,E
MI_E_381.png,0,0,0,0,0,E
MI_E_382.png,0,0,0,0,0,E
MI_E_383.png,1,1,C,0,0,E
MI_E_384.png,1,1,C,0,0,E
MI_E_385.png,5,1,C,0,0,E
MI_E_386.png,4,1,R,0,0,E
MI_E_387.png,1,1,R,0,0,E
MI_E_388.png,3,1,C,0,0,E
MI_E_389.png,4,1,R,0,0,E
MI_E_390.png,2,1,R,0,0,E
MI_E_391.png,2,1,C,0,0,E
MI_E_392.png,2,1, C,0,0,E
MI_E_393.png,1,1,C,0,0,E
MI_E_394.png,4,1,C,0,0,E
MI_E_395.png,3,1,C,0,0,E
MI_E_396.png,4,1,R,0,0,E
MI_E_397.png,7,1,R,0,N/S,E
MI_E_398.png,8,1,R,0,0,E
MI_E_399.png,7,1,R,0,N/S,E
MI_E_400.png,0,0,0,0,0,E
MI_H_001.png,3,1,R ,0,N/S,H
MI_H_002.png,1,1,R,0,N/S,H
MI_H_003.png,0,0,0,0,0,H
MI_H_004.png,0,0,0,0,0,H
MI_H_005.png,0,0,0,0,0,H
MI_H_006.png,0,0,0,0,0,H
MI_H_007.png,0,0,0,0,0,H
MI_H_008.png,0,0,0,0,0,H
MI_H_009.png,0,0,0,0,0,H
MI_H_010.png,0,0,0,0,0,H
MI_H_011.png,0,0,0,0,0,H
MI_H_012.png,0,0,0,0,0,H
MI_H_013.png,0,0,0,0,0,H
MI_H_014.png,0,0,0,0,0,H
MI_H_015.png,0,0,0,0,0,H
MI_H_016.png,1,1,R,0,N/S,H
MI_H_017.png,1,1,R,1,E,H
MI_H_018.png,1,1,R,0,0,H
MI_H_019.png,1,1,R,0,0,H
MI_H_020.png,0,0,0,0,0,H
MI_H_021.png,1,1,R,1,0,H
MI_H_022.png,1,1,R,0,E/W,H
MI_H_023.png,1,1,R,1,E/W,H
MI_H_024.png,0,0,0,0,0,H
MI_H_025.png,0,0,0,0,0,H
MI_H_026.png,0,0,0,0,0,H
MI_H_027.png,0,0,0,0,0,H
MI_H_028.png,0,0,0,0,0,H
MI_H_029.png,0,0,0,0,0,H
MI_H_030.png,0,0,0,0,0,H
MI_H_031.png,0,0,0,0,0,H
MI_H_032.png,0,0,0,0,0,H
MI_H_033.png,0,0,0,0,0,H
MI_H_034.png,0,0,0,0,0,H
MI_H_035.png,0,0,0,0,0,H
MI_H_036.png,1,1,R,0,0,H
MI_H_037.png,0,0,0,0,0,H
MI_H_038.png,1,1,R,0,0,H
MI_H_039.png,0,0,0,0,0,H
MI_H_040.png,1,1,R,0,0,H
MI_H_041.png,2,1,R,0,0,H
MI_H_042.png,0,0,0,0,0,H
MI_H_043.png,1,1,0,0,0,H
MI_H_044.png,0,0,0,0,0,H
MI_H_045.png,0,0,0,0,0,H
MI_H_046.png,0,0,0,0,0,H
MI_H_047.png,0,0,0,0,0,H
MI_H_048.png,0,0,0,0,0,H
MI_H_049.png,0,0,0,0,0,H
MI_H_050.png,0,0,0,0,0,H
MI_H_051.png,0,0,0,0,0,H
MI_H_052.png,0,0,0,0,0,H
MI_H_053.png,0,0,0,0,0,H
MI_H_054.png,0,0,0,0,0,H
MI_H_055.png,0,0,0,0,0,H
MI_H_056.png,1,1,R,0,0,H
MI_H_057.png,0,0,0,0,0,H
MI_H_058.png,1,1,R,0,0,H
MI_H_059.png,0,0,0,0,0,H
MI_H_060.png,0,0,0,0,0,H
MI_H_061.png,2,1,R,0,0,H
MI_H_062.png,1,1,R,0,0,H
MI_H_063.png,0,0,0,0,0,H
MI_H_064.png,0,0,0,0,0,H
MI_H_065.png,2,1,R,0,0,H
MI_H_066.png,0,0,0,0,0,H
MI_H_067.png,0,0,0,0,0,H
MI_H_068.png,0,0,0,0,0,H
MI_H_069.png,0,0,0,0,0,H
MI_H_070.png,0,0,0,0,0,H
MI_H_071.png,0,0,0,0,0,H
MI_H_072.png,0,0,0,0,0,H
MI_H_073.png,0,0,0,0,0,H
MI_H_074.png,0,0,0,0,0,H
MI_H_075.png,0,0,0,0,0,H
MI_H_076.png,0,0,0,0,0,H
MI_H_077.png,1,1,R,0,0,H
MI_H_078.png,1,1,R,0,0,H
MI_H_079.png,0,0,0,0,0,H
MI_H_080.png,1,1,R,0,0,H
MI_H_081.png,1,1,R,0,0,H
MI_H_082.png,0,0,0,0,0,H
MI_H_083.png,1,1,R,0,0,H
MI_H_084.png,0,0,0,0,0,H
MI_H_085.png,1,1,R,0,0,H
MI_H_086.png,2,1,R,0,0,H
MI_H_087.png,0,0,0,0,0,H
MI_H_088.png,0,0,0,0,0,H
MI_H_089.png,0,0,0,0,0,H
MI_H_090.png,1,1,R,0,0,H
MI_H_091.png,0,0,0,0,0,H
MI_H_092.png,0,0,0,0,0,H
MI_H_093.png,0,0,0,0,0,H
MI_H_094.png,0,0,0,0,0,H
MI_H_095.png,0,0,0,0,0,H
MI_H_096.png,0,0,0,0,0,H
MI_H_097.png,0,0,0,0,0,H
MI_H_098.png,1,1,R,0,0,H
MI_H_099.png,2,1,R,0,0,H
MI_H_100.png,1,1,R,0,0,H
MI_H_101.png,1,1,R,0,0,H
MI_H_102.png,2,1,R,0,0,H
MI_H_103.png,2,1,R,0,0,H
MI_H_104.png,1,1,R,0,0,H
MI_H_105.png,2,1,R,0,0,H
MI_H_106.png,1,1,R,0,0,H
MI_H_107.png,2,1,R,0,0,H
MI_H_108.png,0,0,0,0,0,H
MI_H_109.png,0,0,0,0,0,H
MI_H_110.png,0,0,0,0,0,H
MI_H_111.png,0,0,0,0,0,H
MI_H_112.png,0,0,0,0,0,H
MI_H_113.png,0,0,0,0,0,H
MI_H_114.png,0,0,0,0,0,H
MI_H_115.png,0,0,0,0,0,H
MI_H_116.png,1,1,C,0,0,H
MI_H_117.png,0,0,0,0,0,H
MI_H_118.png,2,1,R,0,0,H
MI_H_119.png,1,1,R,0,0,H
MI_H_120.png,2,1,R,0,0,H
MI_H_121.png,1,1,R,0,0,H
MI_H_122.png,0,0,0,0,0,H
MI_H_123.png,2,1,R,0,0,H
MI_H_124.png,2,1,R,0,0,H
MI_H_125.png,1,1,R,0,0,H
MI_H_126.png,0,0,0,0,0,H
MI_H_127.png,1,1,R,0,0,H
MI_H_128.png,2,1,R,0,0,H
MI_H_129.png,0,0,0,0,0,H
MI_H_130.png,0,0,0,0,0,H
MI_H_131.png,0,0,0,0,0,H
MI_H_132.png,0,0,0,0,0,H
MI_H_133.png,0,0,0,0,0,H
MI_H_134.png,0,0,0,0,0,H
MI_H_135.png,0,0,0,0,0,H
MI_H_136.png,0,0,0,0,0,H
MI_H_137.png,0,0,0,0,0,H
MI_H_138.png,1,1,R,0,0,H
MI_H_139.png,3,1,R,0,0,H
MI_H_140.png,1,1,R,1,0,H
MI_H_141.png,0,0,0,0,0,H
MI_H_142.png,1,1,R,0,0,H
MI_H_143.png,0,0,0,0,0,H
MI_H_144.png,1,1,R,0,0,H
MI_H_145.png,1,1,R,0,N/S,H
MI_H_146.png,1,1,R,0,N/S,H
MI_H_147.png,1,1,R,0,0,H
MI_H_148.png,1,1,R,0,0,H
MI_H_149.png,1,1,R,0,0,H
MI_H_150.png,0,0,0,0,0,H
MI_H_151.png,0,0,0,0,0,H
MI_H_152.png,0,0,0,0,0,H
MI_H_153.png,0,0,0,0,0,H
MI_H_154.png,0,0,0,0,0,H
MI_H_155.png,0,0,0,0,0,H
MI_H_156.png,0,0,0,0,0,H
MI_H_157.png,0,0,0,0,0,H
MI_H_158.png,1,1,R,0,0,H
MI_H_159.png,0,0,0,0,0,H
MI_H_160.png,3,1,R,1,0,H
MI_H_161.png,1,1,R,0,0,H
MI_H_162.png,0,0,0,0,0,H
MI_H_163.png,0,0,0,0,0,H
MI_H_164.png,1,1,R,0,0,H
MI_H_165.png,1,1,R,0,0,H
MI_H_166.png,1,1,R,0,0,H
MI_H_167.png,0,0,0,0,0,H
MI_H_168.png,1,1,R,0,0,H
MI_H_169.png,0,0,0,0,0,H
MI_H_170.png,1,1,R,0,0,H
MI_H_171.png,0,0,0,0,0,H
MI_H_172.png,0,0,0,0,0,H
MI_H_173.png,0,0,0,0,0,H
MI_H_174.png,0,0,0,0,0,H
MI_H_175.png,0,0,0,0,0,H
MI_H_176.png,0,0,0,0,0,H
MI_H_177.png,0,0,0,0,0,H
MI_H_178.png,0,0,0,0,0,H
MI_H_179.png,1,1,R,0,0,H
MI_H_180.png,0,0,0,0,0,H
MI_H_181.png,1,1,R,0,0,H
MI_H_182.png,1,1,R,0,0,H
MI_H_183.png,0,0,0,0,0,H
MI_H_184.png,0,0,0,0,0,H
MI_H_185.png,0,0,0,0,0,H
MI_H_186.png,0,0,0,0,0,H
MI_H_187.png,0,0,0,0,0,H
MI_H_188.png,0,0,0,0,0,H
MI_H_189.png,1,1,C,0,0,H
MI_H_190.png,2,1,C,0,0,H
MI_H_191.png,1,1,C,0,0,H
MI_H_192.png,0,0,0,0,0,H
MI_H_193.png,0,0,0,0,0,H
MI_H_194.png,0,0,0,0,0,H
MI_H_195.png,0,0,0,0,0,H
MI_H_196.png,0,0,0,0,0,H
MI_H_197.png,0,0,0,0,0,H
MI_H_198.png,0,0,0,0,0,H
MI_H_199.png,0,0,0,0,0,H
MI_H_200.png,0,0,0,0,0,H
MI_H_201.png,0,0,0,0,0,H
MI_H_202.png,0,0,0,0,0,H
MI_H_203.png,0,0,0,0,0,H
MI_H_204.png,0,0,0,0,0,H
MI_H_205.png,0,0,0,0,0,H
MI_H_206.png,2,1,R,0,0,H
MI_H_207.png,1,1,R,0,0,H
MI_H_208.png,0,0,0,0,0,H
MI_H_209.png,2,1,C,0,0,H
MI_H_210.png,3,1,C,0,0,H
MI_H_211.png,2,1,C,0,0,H
MI_H_212.png,0,0,0,0,0,H
MI_H_213.png,0,0,0,0,0,H
MI_H_214.png,0,0,0,0,0,H
MI_H_215.png,0,0,0,0,0,H
MI_H_216.png,0,0,0,0,0,H
MI_H_217.png,0,0,0,0,0,H
MI_H_218.png,0,0,0,0,0,H
MI_H_219.png,0,0,0,0,0,H
MI_H_220.png,0,0,0,0,0,H
MI_H_221.png,1,1,C,0,0,H
MI_H_222.png,0,0,0,0,0,H
MI_H_223.png,0,0,0,0,0,H
MI_H_224.png,0,0,0,0,0,H
MI_H_225.png,0,0,0,0,0,H
MI_H_226.png,0,0,0,0,0,H
MI_H_227.png,0,0,0,0,0,H
MI_H_228.png,0,0,0,0,0,H
MI_H_229.png,1,1,C,0,0,H
MI_H_230.png,1,1,C,0,0,H
MI_H_231.png,0,0,0,0,0,H
MI_H_232.png,0,0,0,0,0,H
MI_H_233.png,0,0,0,0,0,H
MI_H_234.png,0,0,0,0,0,H
MI_H_235.png,0,0,0,0,0,H
MI_H_236.png,0,0,0,0,0,H
MI_H_237.png,0,0,0,0,0,H
MI_H_238.png,0,0,0,0,0,H
MI_H_239.png,0,0,0,0,0,H
MI_H_240.png,0,0,0,0,0,H
MI_H_241.png,0,0,0,0,0,H
MI_H_242.png,0,0,0,0,0,H
MI_H_243.png,0,0,0,0,0,H
MI_H_244.png,0,0,0,0,0,H
MI_H_245.png,0,0,0,0,0,H
MI_H_246.png,0,0,0,0,0,H
MI_H_247.png,1,1,R,0,0,H
MI_H_248.png,0,0,0,0,0,H
MI_H_249.png,1,1,C,0,0,H
MI_H_250.png,1,1,C,0,0,H
MI_H_251.png,1,1,C,0,0,H
MI_H_252.png,0,0,0,0,0,H
MI_H_253.png,0,0,0,0,0,H
MI_H_254.png,0,0,0,0,0,H
MI_H_255.png,0,0,0,0,0,H
MI_H_256.png,0,0,0,0,0,H
MI_H_257.png,0,0,0,0,0,H
MI_H_258.png,0,0,0,0,0,H
MI_H_259.png,0,0,0,0,0,H
MI_H_260.png,0,0,0,0,0,H
MI_H_261.png,0,0,0,0,0,H
MI_H_262.png,0,0,0,0,0,H
MI_H_263.png,0,0,0,0,0,H
MI_H_264.png,0,0,0,0,0,H
MI_H_265.png,0,0,0,0,0,H
MI_H_266.png,0,0,0,0,0,H
MI_H_267.png,1,1,C,0,0,H
MI_H_268.png,0,0,0,0,0,H
MI_H_269.png,0,0,0,0,0,H
MI_H_270.png,2,1,C,0,0,H
MI_H_271.png,1,1,C,0,0,H
MI_H_272.png,0,0,0,0,0,H
MI_H_273.png,0,0,0,0,0,H
MI_H_274.png,0,0,0,0,0,H
MI_H_275.png,0,0,0,0,0,H
MI_H_276.png,0,0,0,0,0,H
MI_H_277.png,0,0,0,0,0,H
MI_H_278.png,0,0,0,0,0,H
MI_H_279.png,0,0,0,0,0,H
MI_H_280.png,0,0,0,0,0,H
MI_H_281.png,0,0,0,0,0,H
MI_H_282.png,0,0,0,0,0,H
MI_H_283.png,2,1,R,0,0,H
MI_H_284.png,1,1,R,0,0,H
MI_H_285.png,0,0,0,0,0,H
MI_H_286.png,0,0,0,0,0,H
MI_H_287.png,0,0,0,0,0,H
MI_H_288.png,0,0,0,0,0,H
MI_H_289.png,0,0,0,0,0,H
MI_H_290.png,3,1,C,0,0,H
MI_H_291.png,2,1,C,0,0,H
MI_H_292.png,0,0,0,0,0,H
MI_H_293.png,0,0,0,0,0,H
MI_H_294.png,0,0,0,0,0,H
MI_H_295.png,0,0,0,0,0,H
MI_H_296.png,0,0,0,0,0,H
MI_H_297.png,0,0,0,0,0,H
MI_H_298.png,0,0,0,0,0,H
MI_H_299.png,1,1,R,0,0,H
MI_H_300.png,1,1,R,0,0,H
MI_H_301.png,4,1,R,0,0,H
MI_H_302.png,1,1,R,0,0,H
MI_H_303.png,5,1,R,0,0,H
MI_H_304.png,1,1,R,0,0,H
MI_H_305.png,0,0,0,0,0,H
MI_H_306.png,0,0,0,0,0,H
MI_H_307.png,0,0,0,0,0,H
MI_H_308.png,0,0,0,0,0,H
MI_H_309.png,0,0,0,0,0,H
MI_H_310.png,1,1,C,0,0,H
MI_H_311.png,1,1,C,0,0,H
MI_H_312.png,3,1,C,0,0,H
MI_H_313.png,0,0,0,0,0,H
MI_H_314.png,0,0,0,0,0,H
MI_H_315.png,0,0,0,0,0,H
MI_H_316.png,0,0,0,0,0,H
MI_H_317.png,0,0,0,0,0,H
MI_H_318.png,3,1,R,0,0,H
MI_H_319.png,3,1,R,0,0,H
MI_H_320.png,2,1,R,0,0,H
MI_H_321.png,2,1,R,0,0,H
MI_H_322.png,2,1,R,0,0,H
MI_H_323.png,2,1,R,0,0,H
MI_H_324.png,0,0,0,0,0,H
MI_H_325.png,0,0,0,0,0,H
MI_H_326.png,0,0,0,0,0,H
MI_H_327.png,0,0,0,0,0,H
MI_H_328.png,0,0,0,0,0,H
MI_H_329.png,2,1,C,0,0,H
MI_H_330.png,2,1,C,0,0,H
MI_H_331.png,2,1,C,0,0,H
MI_H_332.png,4,1,C,0,0,H
MI_H_333.png,0,0,0,0,0,H
MI_H_334.png,0,0,0,0,0,H
MI_H_335.png,0,0,0,0,0,H
MI_H_336.png,0,0,0,0,0,H
MI_H_337.png,0,0,0,0,0,H
MI_H_338.png,0,0,0,0,0,H
MI_H_339.png,3,1,R,0,0,H
MI_H_340.png,2,1,R,0,0,H
MI_H_341.png,0,0,0,0,0,H
MI_H_342.png,0,0,0,0,0,H
MI_H_343.png,0,0,0,0,0,H
MI_H_344.png,0,0,0,0,0,H
MI_H_345.png,0,0,0,0,0,H
MI_H_346.png,0,0,0,0,0,H
MI_H_347.png,0,0,0,0,0,H
MI_H_348.png,0,0,0,0,0,H
MI_H_349.png,0,0,0,0,0,H
MI_H_350.png,0,0,0,0,0,H
MI_H_351.png,0,0,0,0,0,H
MI_H_352.png,2,1,C,0,0,H
MI_H_353.png,0,0,0,0,0,H
MI_H_354.png,0,0,0,0,0,H
MI_H_355.png,0,0,0,0,0,H
MI_H_356.png,0,0,0,0,0,H
MI_H_357.png,0,0,0,0,0,H
MI_H_358.png,3,1,R,0,0,H
MI_H_359.png,3,1,R,0,0,H
MI_H_360.png,0,0,0,0,0,H
MI_H_361.png,0,0,0,0,0,H
MI_H_362.png,0,0,0,0,0,H
MI_H_363.png,0,0,0,0,0,H
MI_H_364.png,0,0,0,0,0,H
MI_H_365.png,0,0,0,0,0,H
MI_H_366.png,0,0,0,0,0,H
MI_H_367.png,0,0,0,0,0,H
MI_H_368.png,0,0,0,0,0,H
MI_H_369.png,0,0,0,0,0,H
MI_H_370.png,0,0,0,0,0,H
MI_H_371.png,0,0,0,0,0,H
MI_H_372.png,0,0,0,0,0,H
MI_H_373.png,0,0,0,0,0,H
MI_H_374.png,0,0,0,0,0,H
MI_H_375.png,0,0,0,0,0,H
MI_H_376.png,0,0,0,0,0,H
MI_H_377.png,0,0,0,0,0,H
MI_H_378.png,3,1,R,0,0,H
MI_H_379.png,3,1,R,0,0,H
MI_H_380.png,1,1,R,0,0,H
MI_H_381.png,0,0,0,0,0,H
MI_H_382.png,0,0,0,0,0,H
MI_H_383.png,0,0,0,0,0,H
MI_H_384.png,0,0,0,0,0,H
MI_H_385.png,0,0,0,0,0,H
MI_H_386.png,0,0,0,0,0,H
MI_H_387.png,0,0,0,0,0,H
MI_H_388.png,0,0,0,0,0,H
MI_H_389.png,0,0,0,0,0,H
MI_H_390.png,0,0,0,0,0,H
MI_H_391.png,0,0,0,0,0,H
MI_H_392.png,0,0,0,0,0,H
MI_H_393.png,0,0,0,0,0,H
MI_H_394.png,0,0,0,0,0,H
MI_H_395.png,0,0,0,0,0,H
MI_H_396.png,0,0,0,0,0,H
MI_H_397.png,1,1,R,0,0,H
MI_H_398.png,0,0,0,0,0,H
MI_H_399.png,0,0,0,0,0,H
MI_H_400.png,0,0,0,0,0,H
MI_L_001.png,2,1,R,0,0,L
MI_L_002.png,1,1,R ,0,0,L
MI_L_003.png,1,1,R,0,0,L
MI_L_004.png,2,1,R,0,0,L
MI_L_005.png,2,1,R,0,0,L
MI_L_006.png,1,1,R,0,0,L
MI_L_007.png,2,1,R,0,0,L
MI_L_008.png,4,1,R,0,0,L
MI_L_009.png,3,1,R,0,0,L
MI_L_010.png,0,0,0,0,0,L
MI_L_011.png,0,0,0,0,0,L
MI_L_012.png,2,1,C,0,0,L
MI_L_013.png,1,1,C,0,0,L
MI_L_014.png,1,1,C,0,0,L
MI_L_015.png,2,1,C,0,0,L
MI_L_016.png,3,1,C,0,0,L
MI_L_017.png,0,0,0,0,0,L
MI_L_018.png,0,0,0,0,0,L
MI_L_019.png,0,0,0,0,0,L
MI_L_020.png,0,0,0,0,0,L
MI_L_021.png,0,0,0,0,0,L
MI_L_022.png,0,0,0,0,0,L
MI_L_023.png,0,0,0,0,0,L
MI_L_024.png,3,1,R,0,0,L
MI_L_025.png,1,1,R,0,0,L
MI_L_026.png,2,1,R,0,0,L
MI_L_027.png,4,1,R,0,0,L
MI_L_028.png,3,1,R,0,0,L
MI_L_029.png,0,0,0,0,0,L
MI_L_030.png,0,0,0,0,0,L
MI_L_031.png,1,1,R,0,0,L
MI_L_032.png,4,1,C,0,0,L
MI_L_033.png,1,1,C,0,0,L
MI_L_034.png,1,1,C,0,0,L
MI_L_035.png,1,1,C,0,0,L
MI_L_036.png,1,1,C,0,0,L
MI_L_037.png,1,1,R,0,0,L
MI_L_038.png,5,1,R,0,0,L
MI_L_039.png,1,1,R,0,0,L
MI_L_040.png,2,1,R,0,0,L
MI_L_041.png,0,0,0,0,0,L
MI_L_042.png,0,0,0,0,0,L
MI_L_043.png,0,0,0,0,0,L
MI_L_044.png,0,0,0,0,0,L
MI_L_045.png,0,0,0,0,0,L
MI_L_046.png,2,1,R,0,0,L
MI_L_047.png,2,1,R,0,0,L
MI_L_048.png,1,1,R,0,0,L
MI_L_049.png,3,1,R,0,0,L
MI_L_050.png,1,1,R,0,0,L
MI_L_051.png,0,0,0,0,0,L
MI_L_052.png,2,1,R,0,0,L
MI_L_053.png,1,1,C,0,0,L
MI_L_054.png,0,0,0,0,0,L
MI_L_055.png,0,0,0,0,0,L
MI_L_056.png,1,1,C,0,0,L
MI_L_057.png,2,1,R,0,0,L
MI_L_058.png,2,1,R,0,0,L
MI_L_059.png,4,1,R,0,0,L
MI_L_060.png,1,1,R,0,0,L
MI_L_061.png,0,0,0,0,0,L
MI_L_062.png,0,0,0,0,0,L
MI_L_063.png,0,0,0,0,0,L
MI_L_064.png,0,0,0,0,0,L
MI_L_065.png,0,0,0,0,0,L
MI_L_066.png,0,0,0,0,0,L
MI_L_067.png,0,0,0,0,0,L
MI_L_068.png,1,1,R,0,0,L
MI_L_069.png,1,1,R,0,0,L
MI_L_070.png,2,1,R,0,0,L
MI_L_071.png,2,1,R,0,0,L
MI_L_072.png,3,1,R,0,0,L
MI_L_073.png,3,1,R,0,0,L
MI_L_074.png,1,1,C,0,0,L
MI_L_075.png,1,1,C,0,0,L
MI_L_076.png,3,1,C,0,0,L
MI_L_077.png,2,1,R,0,0,L
MI_L_078.png,5,1,R,0,0,L
MI_L_079.png,3,1,R,0,0,L
MI_L_080.png,2,1,R,0,0,L
MI_L_081.png,0,0,0,0,0,L
MI_L_082.png,0,0,0,0,0,L
MI_L_083.png,0,0,0,0,0,L
MI_L_084.png,0,0,0,0,0,L
MI_L_085.png,0,0,0,0,0,L
MI_L_086.png,0,0,0,0,0,L
MI_L_087.png,1,1,R,0,0,L
MI_L_088.png,4,1,R,0,0,L
MI_L_089.png,4,1,R,0,0,L
MI_L_090.png,0,0,0,0,0,L
MI_L_091.png,0,0,0,0,0,L
MI_L_092.png,2,1,R,0,0,L
MI_L_093.png,3,1,R,0,0,L
MI_L_094.png,1,1,R,0,0,L
MI_L_095.png,1,1,C,0,0,L
MI_L_096.png,3,1,C,0,0,L
MI_L_097.png,1,1,R,0,0,L
MI_L_098.png,3,1,R,0,0,L
MI_L_099.png,4,1,R,0,0,L
MI_L_100.png,2,1,R,0,0,L
MI_L_101.png,0,0,0,0,0,L
MI_L_102.png,0,0,0,0,0,L
MI_L_103.png,0,0,0,0,0,L
MI_L_104.png,0,0,0,0,0,L
MI_L_105.png,1,1,R,0,0,L
MI_L_106.png,4,1,R,0,0,L
MI_L_107.png,5,1,R,0,0,L
MI_L_108.png,3,1,R,0,0,L
MI_L_109.png,3,1,R,0,0,L
MI_L_110.png,3,1,R,0,0,L
MI_L_111.png,2,1,R,0,0,L
MI_L_112.png,1,1,R,0,0,L
MI_L_113.png,4,1,C,0,0,L
MI_L_114.png,2,1,C,0,0,L
MI_L_115.png,2,1,C,0,0,L
MI_L_116.png,1,1,C,0,0,L
MI_L_117.png,3,1,C,0,0,L
MI_L_118.png,7,1,R,0,0,L
MI_L_119.png,6,1,R,0,0,L
MI_L_120.png,4,1,R,0,0,L
MI_L_121.png,0,0,0,0,0,L
MI_L_122.png,0,0,0,0,0,L
MI_L_123.png,1,1,R,0,0,L
MI_L_124.png,0,0,0,0,0,L
MI_L_125.png,3,1,R,0,0,L
MI_L_126.png,3,1,R,0,0,L
MI_L_127.png,3,1,R,0,0,L
MI_L_128.png,4,1,R,0,0,L
MI_L_129.png,3,1,R,0,0,L
MI_L_130.png,3,1,R,0,0,L
MI_L_131.png,3,1,R,0,0,L
MI_L_132.png,1,1,R,0,0,L
MI_L_133.png,1,1,C,0,0,L
MI_L_134.png,1,1,C,0,0,L
MI_L_135.png,1,1,C,0,0,L
MI_L_136.png,0,0,0,0,0,L
MI_L_137.png,2,1,C,0,0,L
MI_L_138.png,4,1,R,0,0,L
MI_L_139.png,6,1,R,0,0,L
MI_L_140.png,5,1,R,0,0,L
MI_L_141.png,1,1,R,0,0,L
MI_L_142.png,0,0,0,0,0,L
MI_L_143.png,0,0,0,0,0,L
MI_L_144.png,0,0,0,0,0,L
MI_L_145.png,2,1,R,0,0,L
MI_L_146.png,2,1,R,0,0,L
MI_L_147.png,3,1,R,0,0,L
MI_L_148.png,2,1,R,0,0,L
MI_L_149.png,3,1,R,0,0,L
MI_L_150.png,5,1,R,0,0,L
MI_L_151.png,2,1,R,0,0,L
MI_L_152.png,1,1,C,0,0,L
MI_L_153.png,0,0,0,0,0,L
MI_L_154.png,0,0,0,0,0,L
MI_L_155.png,2,1,C,0,0,L
MI_L_156.png,1,1,C,0,0,L
MI_L_157.png,2,1,C,0,0,L
MI_L_158.png,3,1,R,0,0,L
MI_L_159.png,5,1,R,0,0,L
MI_L_160.png,2,1,R,0,0,L
MI_L_161.png,1,1,R,0,0,L
MI_L_162.png,2,1,R,0,0,L
MI_L_163.png,1,1,R,0,0,L
MI_L_164.png,0,0,0,0,0,L
MI_L_165.png,3,1,R,0,0,L
MI_L_166.png,3,1,R,0,0,L
MI_L_167.png,4,1,R,0,0,L
MI_L_168.png,2,1,R,0,0,L
MI_L_169.png,3,1,R,0,0,L
MI_L_170.png,3,1,R,0,0,L
MI_L_171.png,1,1,R,0,0,L
MI_L_172.png,1,1,C,0,0,L
MI_L_173.png,0,0,0,0,0,L
MI_L_174.png,0,0,0,0,0,L
MI_L_175.png,1,1,C,0,0,L
MI_L_176.png,1,1,C,0,0,L
MI_L_177.png,1,1,C,0,0,L
MI_L_178.png,5,1,R,0,0,L
MI_L_179.png,5,1,R,0,0,L
MI_L_180.png,0,0,0,0,0,L
MI_L_181.png,0,0,0,0,0,L
MI_L_182.png,0,0,0,0,0,L
MI_L_183.png,0,0,0,0,0,L
MI_L_184.png,0,0,0,0,0,L
MI_L_185.png,2,1,R,0,0,L
MI_L_186.png,3,1,R,0,0,L
MI_L_187.png,1,1,R,0,0,L
MI_L_188.png,2,1,R,0,0,L
MI_L_189.png,2,1,R,0,0,L
MI_L_190.png,2,1,R,0,0,L
MI_L_191.png,1,1,C,0,0,L
MI_L_192.png,1,1,C,0,0,L
MI_L_193.png,0,0,0,0,0,L
MI_L_194.png,1,1,C,0,0,L
MI_L_195.png,2,1,C,0,0,L
MI_L_196.png,0,0,0,0,0,L
MI_L_197.png,1,1,C,0,0,L
MI_L_198.png,0,0,0,0,0,L
MI_L_199.png,4,1,R,0,0,L
MI_L_200.png,6,1,R,0,0,L
MI_L_201.png,0,0,0,0,0,L
MI_L_202.png,0,0,0,0,0,L
MI_L_203.png,0,0,0,0,0,L
MI_L_204.png,0,0,0,0,0,L
MI_L_205.png,0,0,0,0,0,L
MI_L_206.png,0,0,0,0,0,L
MI_L_207.png,0,0,0,0,0,L
MI_L_208.png,0,0,0,0,0,L
MI_L_209.png,0,0,0,0,0,L
MI_L_210.png,0,0,0,0,0,L
MI_L_211.png,1,1,C,0,0,L
MI_L_212.png,1,1,C,0,0,L
MI_L_213.png,0,0,0,0,0,L
MI_L_214.png,1,1,C,0,0,L
MI_L_215.png,1,1,C,0,0,L
MI_L_216.png,0,0,0,0,0,L
MI_L_217.png,0,0,0,0,0,L
MI_L_218.png,0,0,0,0,0,L
MI_L_219.png,0,0,0,0,0,L
MI_L_220.png,0,0,0,0,0,L
MI_L_221.png,0,0,0,0,0,L
MI_L_222.png,0,0,0,0,0,L
MI_L_223.png,0,0,0,0,0,L
MI_L_224.png,0,0,0,0,0,L
MI_L_225.png,0,0,0,0,0,L
MI_L_226.png,0,0,0,0,0,L
MI_L_227.png,0,0,0,0,0,L
MI_L_228.png,0,0,0,0,0,L
MI_L_229.png,0,0,0,0,0,L
MI_L_230.png,0,0,0,0,0,L
MI_L_231.png,1,1,C,0,0,L
MI_L_232.png,1,1,C,0,0,L
MI_L_233.png,0,0,0,0,0,L
MI_L_234.png,0,0,0,0,0,L
MI_L_235.png,0,0,0,0,0,L
MI_L_236.png,0,0,0,0,0,L
MI_L_237.png,0,0,0,0,0,L
MI_L_238.png,0,0,0,0,0,L
MI_L_239.png,0,0,0,0,0,L
MI_L_240.png,0,0,0,0,0,L
MI_L_241.png,1,1,R,0,0,L
MI_L_242.png,0,0,0,0,0,L
MI_L_243.png,0,0,0,0,0,L
MI_L_244.png,0,0,0,0,0,L
MI_L_245.png,0,0,0,0,0,L
MI_L_246.png,0,0,0,0,0,L
MI_L_247.png,0,0,0,0,0,L
MI_L_248.png,0,0,0,0,0,L
MI_L_249.png,0,0,0,0,0,L
MI_L_250.png,0,0,0,0,0,L
MI_L_251.png,0,0,0,0,0,L
MI_L_252.png,0,0,0,0,0,L
MI_L_253.png,0,0,0,0,0,L
MI_L_254.png,0,0,0,0,0,L
MI_L_255.png,0,0,0,0,0,L
MI_L_256.png,0,0,0,0,0,L
MI_L_257.png,0,0,0,0,0,L
MI_L_258.png,0,0,0,0,0,L
MI_L_259.png,0,0,0,0,0,L
MI_L_260.png,0,0,0,0,0,L
MI_L_261.png,0,0,0,0,0,L
MI_L_262.png,0,0,0,0,0,L
MI_L_263.png,0,0,0,0,0,L
MI_L_264.png,0,0,0,0,0,L
MI_L_265.png,0,0,0,0,0,L
MI_L_266.png,0,0,0,0,0,L
MI_L_267.png,0,0,0,0,0,L
MI_L_268.png,0,0,0,0,0,L
MI_L_269.png,0,0,0,0,0,L
MI_L_270.png,0,0,0,0,0,L
MI_L_271.png,0,0,0,0,0,L
MI_L_272.png,1,1,C,0,0,L
MI_L_273.png,1,1,C,0,0,L
MI_L_274.png,1,1,C,0,0,L
MI_L_275.png,0,0,0,0,0,L
MI_L_276.png,0,0,0,0,0,L
MI_L_277.png,0,0,0,0,0,L
MI_L_278.png,0,0,0,0,0,L
MI_L_279.png,0,0,0,0,0,L
MI_L_280.png,0,0,0,0,0,L
MI_L_281.png,2,1,R,0,0,L
MI_L_282.png,1,1,R,0,0,L
MI_L_283.png,0,0,0,0,0,L
MI_L_284.png,1,1,R,0,0,L
MI_L_285.png,0,0,0,0,0,L
MI_L_286.png,0,0,0,0,0,L
MI_L_287.png,0,0,0,0,0,L
MI_L_288.png,0,0,0,0,0,L
MI_L_289.png,1,1,R,0,0,L
MI_L_290.png,1,1,R,0,0,L
MI_L_291.png,0,0,0,0,0,L
MI_L_292.png,2,1,R,0,0,L
MI_L_293.png,0,0,0,0,0,L
MI_L_294.png,0,0,0,0,0,L
MI_L_295.png,0,0,0,0,0,L
MI_L_296.png,0,0,0,0,0,L
MI_L_297.png,0,0,0,0,0,L
MI_L_298.png,0,0,0,0,0,L
MI_L_299.png,0,0,0,0,0,L
MI_L_300.png,1,1,C,0,0,L
MI_L_301.png,2,1,R,0,0,L
MI_L_302.png,2,1,R,0,0,L
MI_L_303.png,0,0,0,0,0,L
MI_L_304.png,0,0,0,0,0,L
MI_L_305.png,0,0,0,0,0,L
MI_L_306.png,0,0,0,0,0,L
MI_L_307.png,1,1,R,0,0,L
MI_L_308.png,0,0,0,0,0,L
MI_L_309.png,0,0,0,0,0,L
MI_L_310.png,2,1,R,0,0,L
MI_L_311.png,0,0,0,0,0,L
MI_L_312.png,2,1,C,0,0,L
MI_L_313.png,1,1,C,0,0,L
MI_L_314.png,1,1,C,0,0,L
MI_L_315.png,0,0,0,0,0,L
MI_L_316.png,2,1,C,0,0,L
MI_L_317.png,1,1,C,0,0,L
MI_L_318.png,1,1,C,0,0,L
MI_L_319.png,0,0,0,0,0,L
MI_L_320.png,0,0,0,0,0,L
MI_L_321.png,2,1,R,0,0,L
MI_L_322.png,2,1,R,0,0,L
MI_L_323.png,0,0,0,0,0,L
MI_L_324.png,0,0,0,0,0,L
MI_L_325.png,0,0,0,0,0,L
MI_L_326.png,0,0,0,0,0,L
MI_L_327.png,0,0,0,0,0,L
MI_L_328.png,0,0,0,0,0,L
MI_L_329.png,0,0,0,0,0,L
MI_L_330.png,0,0,0,0,0,L
MI_L_331.png,0,0,0,0,0,L
MI_L_332.png,3,1,R,0,0,L
MI_L_333.png,2,1,C,0,0,L
MI_L_334.png,0,0,0,0,0,L
MI_L_335.png,0,0,0,0,0,L
MI_L_336.png,0,0,0,0,0,L
MI_L_337.png,1,1,C,0,0,L
MI_L_338.png,2,1,C,0,0,L
MI_L_339.png,3,1,C,0,0,L
MI_L_340.png,1,1,C,0,0,L
MI_L_341.png,3,1,R,0,0,L
MI_L_342.png,2,1,R,0,0,L
MI_L_343.png,0,0,0,0,0,L
MI_L_344.png,0,0,0,0,0,L
MI_L_345.png,0,0,0,0,0,L
MI_L_346.png,0,0,0,0,0,L
MI_L_347.png,1,1,R,0,0,L
MI_L_348.png,0,0,0,0,0,L
MI_L_349.png,0,0,0,0,0,L
MI_L_350.png,2,1,R,0,0,L
MI_L_351.png,0,0,0,0,0,L
MI_L_352.png,0,0,0,0,0,L
MI_L_353.png,1,1,C,0,0,L
MI_L_354.png,1,1,C,0,0,L
MI_L_355.png,1,1,C,0,0,L
MI_L_356.png,1,1,C,0,0,L
MI_L_357.png,1,1,C,0,0,L
MI_L_358.png,1,1,C,0,0,L
MI_L_359.png,2,1,C,0,0,L
MI_L_360.png,3,1,R,0,0,L
MI_L_361.png,1,1,R,0,0,L
MI_L_362.png,0,0,0,0,0,L
MI_L_363.png,0,0,0,0,0,L
MI_L_364.png,0,0,0,0,0,L
MI_L_365.png,0,0,0,0,0,L
MI_L_366.png,2,1,R,0,0,L
MI_L_367.png,0,0,0,0,0,L
MI_L_368.png,1,1,R,0,0,L
MI_L_369.png,0,0,0,0,0,L
MI_L_370.png,1,1,R,0,0,L
MI_L_371.png,0,0,0,0,0,L
MI_L_372.png,1,1,C,0,0,L
MI_L_373.png,0,0,0,0,0,L
MI_L_374.png,1,1,C,0,0,L
MI_L_375.png,1,1,C,0,0,L
MI_L_376.png,1,1,C,0,0,L
MI_L_377.png,1,1,C,0,0,L
MI_L_378.png,1,1,C,0,0,L
MI_L_379.png,1,1,R,0,0,L
MI_L_380.png,2,1,R,0,0,L
MI_L_381.png,0,0,0,0,0,L
MI_L_382.png,0,0,0,0,0,L
MI_L_383.png,0,0,0,0,0,L
MI_L_384.png,0,0,0,0,0,L
MI_L_385.png,0,0,0,0,0,L
MI_L_386.png,0,0,0,0,0,L
MI_L_387.png,0,0,0,0,0,L
MI_L_388.png,1,1,R,0,0,L
MI_L_389.png,0,0,0,0,0,L
MI_L_390.png,1,1,R,0,0,L
MI_L_391.png,0,0,0,0,0,L
MI_L_392.png,0,0,0,0,0,L
MI_L_393.png,0,0,0,0,0,L
MI_L_394.png,0,0,0,0,0,L
MI_L_395.png,0,0,0,0,0,L
MI_L_396.png,1,1,C,0,0,L
MI_L_397.png,1,1,C,0,0,L
MI_L_398.png,1,1,C,0,0,L
MI_L_399.png,1,1,C,0,0,L
MI_L_400.png,1,1,R,0,0,L
AZ_30_1.png,1,1,c,0,0,30
AZ_30_2.png,4,1,r,0,0,30
AZ_30_3.png,2,1,c,0,0,30
AZ_30_4.png,2,1,c,0,0,30
AZ_30_5.png,4,1,r,0,0,30
AZ_30_6.png,3,1,c,0,0,30
AZ_30_7.png,0,0,0,0,0,30
AZ_30_8.png,3,1,r,0,0,30
AZ_30_9.png,3,1,r,0,0,30
AZ_30_10.png,1,1,c,0,0,30
AZ_30_11.png,2,1,r,0,0,30
AZ_30_12.png,1,1,c,0,0,30
AZ_30_13.png,3,1,r,1,0,30
AZ_30_14.png,3,1,r,5,0,30
AZ_30_15.png,1,1,r,0,0,30
AZ_30_16.png,3,1,r,0,0,30
AZ_30_17.png,1,1,5,0,0,30
AZ_30_18.png,2,1,r,0,0,30
AZ_30_19.png,4,1,r,0,0,30
AZ_30_20.png,1,1,c,0,0,30
AZ_30_21.png,3,1,c,0,0,30
AZ_30_22.png,2,1,r,0,0,30
AZ_30_23.png,3,1,r,1,0,30
AZ_30_24.png,2,1,5,1,0,30
AZ_30_25.png,0,0,0,0,0,30
AZ_30_26.png,0,0,0,0,0,30
AZ_30_27.png,2,1,5,0,0,30
AZ_30_28.png,0,0,0,0,0,30
AZ_30_29.png,3,1,r,0,0,30
AZ_30_30.png,1,1,c,0,0,30
AZ_30_31.png,1,1,c,0,0,30
AZ_30_32.png,2,1,r,5,0,30
AZ_30_33.png,3,1,r,5,0,30
AZ_30_34.png,2,1,r,0,0,30
AZ_30_35.png,3,1,c,0,0,30
AZ_30_36.png,2,1,r,1,0,30
AZ_30_37.png,1,1,r,0,0,30
AZ_30_38.png,2,1,5,1,0,30
AZ_30_39.png,4,1,r,1,0,30
AZ_30_40.png,4,1,r,0,0,30
AZ_30_41.png,2,1,c,0,0,30
AZ_30_42.png,2,1,r,1,0,30
AZ_30_43.png,3,1,c,0,0,30
AZ_30_44.png,2,1,r,0,0,30
AZ_30_45.png,3,1,r,0,0,30
AZ_30_46.png,2,1,r,0,0,30
AZ_30_47.png,0,0,0,0,0,30
AZ_30_48.png,3,1,r,1,0,30
AZ_30_49.png,2,1,r,0,0,30
AZ_30_50.png,3,1,r,0,0,30
AZ_30_51.png,2,1,r,5,0,30
AZ_30_52.png,3,1,r,1,0,30
AZ_30_53.png,3,1,r,0,0,30
AZ_30_54.png,3,1,r,0,0,30
AZ_30_55.png,0,0,0,0,0,30
AZ_30_56.png,2,1,r,0,0,30
AZ_30_57.png,1,1,c,0,0,30
AZ_30_58.png,0,0,0,0,0,30
AZ_30_59.png,1,1,c,0,0,30
AZ_30_60.png,2,1,r,1,0,30
AZ_30_61.png,1,1,c,0,0,30
AZ_30_62.png,5,1,r,0,0,30
AZ_30_63.png,0,0,0,0,0,30
AZ_30_64.png,3,1,r,0,0,30
AZ_30_65.png,3,1,r,0,0,30
AZ_30_66.png,1,1,c,0,0,30
AZ_30_67.png,2,1,c,0,0,30
AZ_30_68.png,1,1,r,5,0,30
AZ_30_69.png,3,1,r,1,0,30
AZ_30_70.png,0,0,0,0,0,30
AZ_30_71.png,1,1,r,0,0,30
AZ_30_72.png,3,1,r,1,0,30
AZ_30_73.png,0,0,0,0,0,30
AZ_30_74.png,3,1,c,0,0,30
AZ_30_75.png,5,1,c,0,0,30
AZ_30_76.png,0,0,0,0,0,30
AZ_30_77.png,1,1,c,0,0,30
AZ_30_78.png,2,1,c,0,0,30
AZ_30_79.png,0,0,0,0,0,30
AZ_30_80.png,1,1,r,0,0,30
AZ_30_81.png,1,1,c,0,0,30
AZ_30_82.png,1,1,c,0,0,30
AZ_30_83.png,3,1,r,0,0,30
AZ_30_84.png,0,0,0,0,0,30
AZ_30_85.png,2,1,c,0,0,30
AZ_30_86.png,2,1,r,1,0,30
AZ_30_87.png,3,1,r,1,0,30
AZ_30_88.png,3,1,r,1,0,30
AZ_30_89.png,1,1,r,1,0,30
AZ_30_90.png,0,0,0,0,0,30
AZ_30_91.png,6,1,r,0,0,30
AZ_30_92.png,3,1,r,0,0,30
AZ_30_93.png,3,1,c,0,0,30
AZ_30_94.png,3,1,r,1,0,30
AZ_30_95.png,2,1,c,0,0,30
AZ_30_96.png,2,1,r,0,0,30
AZ_30_97.png,3,1,c,0,0,30
AZ_30_98.png,1,1,c,0,0,30
AZ_30_99.png,3,1,r,0,0,30
AZ_30_100.png,0,0,0,0,0,30
AZ_30_101.png,3,1,r,0,0,30
AZ_30_102.png,2,1,c,1,0,30
AZ_30_103.png,2,1,5,1,0,30
AZ_30_104.png,2,1,r,1,0,30
AZ_30_105.png,3,1,r,0,0,30
AZ_30_106.png,1,1,c,0,0,30
AZ_30_107.png,3,1,c,0,0,30
AZ_30_108.png,1,1,c,0,0,30
AZ_30_109.png,0,0,0,0,0,30
AZ_30_110.png,2,1,r,0,0,30
AZ_30_111.png,3,1,c,0,0,30
AZ_30_112.png,2,1,r,1,0,30
AZ_30_113.png,3,1,r,1,0,30
AZ_30_114.png,4,1,5,1,0,30
AZ_30_115.png,0,0,0,0,0,30
AZ_30_116.png,1,1,r,0,0,30
AZ_30_117.png,2,1,r,0,0,30
AZ_30_118.png,1,1,r,0,0,30
AZ_30_119.png,1,1,r,0,0,30
AZ_30_120.png,2,1,r,1,0,30
AZ_30_121.png,2,1,r,1,0,30
AZ_30_122.png,2,1,r,0,0,30
AZ_30_123.png,3,1,r,5,0,30
AZ_30_124.png,0,0,0,1,0,30
AZ_30_125.png,3,1,c,0,0,30
AZ_30_126.png,2,1,c,0,0,30
AZ_30_127.png,2,1,r,1,0,30
AZ_30_128.png,2,1,c,0,0,30
AZ_30_129.png,5,1,r,1,0,30
AZ_30_130.png,2,1,r,0,0,30
AZ_30_131.png,3,1,r,0,0,30
AZ_30_132.png,2,1,r,0,0,30
AZ_30_133.png,1,1,c,0,0,30
AZ_30_134.png,1,1,c,0,0,30
AZ_30_135.png,0,0,0,0,0,30
AZ_30_136.png,2,1,r,0,0,30
AZ_30_137.png,1,1,c,0,0,30
AZ_30_138.png,2,1,r,0,0,30
AZ_30_139.png,3,1,r,1,0,30
AZ_30_140.png,0,0,0,0,0,30
AZ_30_141.png,2,1,r,0,0,30
AZ_30_142.png,1,1,c,0,0,30
AZ_30_143.png,2,1,r,0,0,30
AZ_30_144.png,2,1,r,0,0,30
AZ_30_145.png,3,1,r,0,0,30
AZ_30_146.png,2,1,r,0,0,30
AZ_30_147.png,1,1,c,0,0,30
AZ_30_148.png,3,1,r,0,0,30
AZ_30_149.png,2,1,r,1,0,30
AZ_30_150.png,3,1,r,0,0,30
AZ_30_151.png,1,1,c,0,0,30
AZ_30_152.png,0,0,0,0,0,30
AZ_30_153.png,1,1,c,0,0,30
AZ_30_154.png,2,1,r,1,0,30
AZ_30_155.png,1,1,r,0,0,30
AZ_30_156.png,2,1,r,1,0,30
AZ_30_157.png,1,1,r,1,0,30
AZ_30_158.png,1,1,r,0,0,30
AZ_30_159.png,2,1,r,0,0,30
AZ_30_160.png,2,1,r,1,0,30
AZ_30_161.png,1,1,c,0,0,30
AZ_30_162.png,2,1,r,1,0,30
AZ_30_163.png,0,0,0,0,0,30
AZ_30_164.png,3,1,r,1,0,30
AZ_30_165.png,1,1,c,0,0,30
AZ_30_166.png,0,0,0,0,0,30
AZ_30_167.png,3,1,r,1,0,30
AZ_30_168.png,2,1,c,0,0,30
AZ_30_169.png,1,1,c,0,0,30
AZ_30_170.png,0,0,0,0,0,30
AZ_30_171.png,1,1,c,0,0,30
AZ_30_172.png,1,1,c,0,0,30
AZ_30_173.png,3,1,r,1,0,30
AZ_30_174.png,1,1,r,0,0,30
AZ_30_175.png,3,1,r,1,0,30
AZ_30_176.png,2,1,r,0,0,30
AZ_30_177.png,3,1,r,0,0,30
AZ_30_178.png,2,1,r,0,0,30
AZ_30_179.png,0,0,0,0,0,30
AZ_30_180.png,3,1,r,0,0,30